STATE_CODE,STATE_NAME,LGA_CODE,LGA_NAME
1,SOKOTO,1,GUDU
1,SOKOTO,2,BINJI
1,SOKOTO,3,TANGAZA
1,SOKOTO,4,GWADABAWA
1,SOKOTO,5,ILLELA
1,SOKOTO,6,GADA
1,SOKOTO,7,SABON BIRNI
1,SOKOTO,8,ISA
1,SOKOTO,9,GORONYO
1,SOKOTO,10,WURNO
1,SOKOTO,11,RABAH
1,SOKOTO,12,KWARE
1,SOKOTO,13,SOKOTO SOUTH
1,SOKOTO,14,SOKOTO NORTH
1,SOKOTO,15,WAMAKKO
1,SOKOTO,16,SILAME
1,SOKOTO,17,YABO
1,SOKOTO,18,BODINGA
1,SOKOTO,19,DANGE SHUNI
1,SOKOTO,20,TURETA
1,SOKOTO,21,SHAGARI
1,SOKOTO,22,TAMBUWAL
1,SOKOTO,23,KEBBE
2,ZAMFARA,24,GUMMI
2,ZAMFARA,25,BUKKUYUM
2,ZAMFARA,26,ANKA
2,ZAMFARA,27,BAKURA
2,ZAMFARA,28,TALATA MAFARA
2,ZAMFARA,29,MARADUN
2,ZAMFARA,30,SHINKAFI
2,ZAMFARA,31,ZURMI
2,ZAMFARA,32,BIRNIN MAGAJI
2,ZAMFARA,33,KAURA NAMODA
2,ZAMFARA,34,TSAFE
2,ZAMFARA,35,GUSAU
2,ZAMFARA,36,BUNGUDU
2,ZAMFARA,37,MARU
3,KATSINA,38,BAURE
3,KATSINA,39,ZANGO
3,KATSINA,40,SANDAMU
3,KATSINA,41,DUTSI
3,KATSINA,42,DAURA
3,KATSINA,43,MAI'ADUA
3,KATSINA,44,MASHI
3,KATSINA,45,KAITA
3,KATSINA,46,KATSINA
3,KATSINA,47,JIBIA
3,KATSINA,48,BATSARI
3,KATSINA,49,BATAGARAWA
3,KATSINA,50,RIMI
3,KATSINA,51,MANI
3,KATSINA,52,INGAWA
3,KATSINA,53,KUSADA
3,KATSINA,54,BINDAWA
3,KATSINA,55,CHARANCHI
3,KATSINA,56,KURFI
3,KATSINA,57,SAFANA
3,KATSINA,58,DUTSIN MA
3,KATSINA,59,KANKIA
3,KATSINA,60,MATAZU
3,KATSINA,61,DAN MUSA
3,KATSINA,62,KANKARA
3,KATSINA,63,MUSAWA
3,KATSINA,64,MALUMFASHI
3,KATSINA,65,KAFUR
3,KATSINA,66,BAKORI
3,KATSINA,67,FASKARI
3,KATSINA,68,SABUWA
3,KATSINA,69,DANDUME
3,KATSINA,70,FUNTUA
3,KATSINA,71,DANJA
4,JIGAWA,72,RONI
4,JIGAWA,73,GWIWA
4,JIGAWA,74,YANKWASHI
4,JIGAWA,75,KAZAURE
4,JIGAWA,76,BABURA
4,JIGAWA,77,GARKI
4,JIGAWA,78,SULE TANKARKAR
4,JIGAWA,79,GUMEL
4,JIGAWA,80,GAGARAWA
4,JIGAWA,81,MAIGATARI
4,JIGAWA,82,KAUGAMA
4,JIGAWA,83,MALAM MADORI
4,JIGAWA,84,BIRNIWA
4,JIGAWA,85,GURI
4,JIGAWA,86,KIRIKASAMMA
4,JIGAWA,87,HADEJIA
4,JIGAWA,88,AUYO
4,JIGAWA,89,KAFIN-HAUSA
4,JIGAWA,90,MIGA
4,JIGAWA,91,TAURA
4,JIGAWA,92,RINGIM
4,JIGAWA,93,JAHUN
4,JIGAWA,94,KIYAWA
4,JIGAWA,95,DUTSE
4,JIGAWA,96,BIRNIN KUDU
4,JIGAWA,97,BUJI
4,JIGAWA,98,GWARAM
5,YOBE,99,MACHINA
5,YOBE,100,NGURU
5,YOBE,101,YUSUFARI
5,YOBE,102,YUNUSARI
5,YOBE,103,GEIDAM
5,YOBE,104,BURSARI
5,YOBE,105,KARASUWA
5,YOBE,106,BADE
5,YOBE,107,JAKUSKO
5,YOBE,108,FUNE
5,YOBE,109,TARMUWA
5,YOBE,110,DAMATURU
5,YOBE,111,GUJBA
5,YOBE,112,GULANI
5,YOBE,113,FIKA
5,YOBE,114,POTISKUM
5,YOBE,115,NANGERE
6,BORNO,116,MOBBAR
6,BORNO,117,ABADAN
6,BORNO,118,KUKAWA
6,BORNO,119,GUZAMALA
6,BORNO,120,GUBIO
6,BORNO,121,MAGUMERI
6,BORNO,122,KAGA
6,BORNO,123,KONDUGA
6,BORNO,124,MAIDUGURI METROPOLITAN CITY
6,BORNO,125,JERE
6,BORNO,126,NGANZAI
6,BORNO,127,MONGUNO
6,BORNO,128,MARTE
6,BORNO,129,MAFA
6,BORNO,130,DIKWA
6,BORNO,131,NGALA
6,BORNO,132,KALA_BALGE
6,BORNO,133,BAMA
6,BORNO,134,GWOZA
6,BORNO,135,DAMBOA
6,BORNO,136,ASKIRA_UBA
6,BORNO,137,CHIBOK
6,BORNO,138,BIU
6,BORNO,139,KWAYA_KUSAR
6,BORNO,140,BAYO
6,BORNO,141,SHANI
6,BORNO,142,HAWUL
7,ADAMAWA,143,MADAGALI
7,ADAMAWA,144,MICHIKA
7,ADAMAWA,145,MUBI  NORTH
7,ADAMAWA,146,MUBI SOUTH
7,ADAMAWA,147,MAIHA
7,ADAMAWA,148,HONG
7,ADAMAWA,149,GOMBI
7,ADAMAWA,150,SONG
7,ADAMAWA,151,SHELLENG
7,ADAMAWA,152,GUYUK
7,ADAMAWA,153,LAMURDE
7,ADAMAWA,154,NUMAN
7,ADAMAWA,155,DEMSA
7,ADAMAWA,156,YOLA NORTH
7,ADAMAWA,157,YOLA SOUTH
7,ADAMAWA,158,GIREI
7,ADAMAWA,159,FUFORE
7,ADAMAWA,160,MAYO BELWA
7,ADAMAWA,161,JADA
7,ADAMAWA,162,GANYE
7,ADAMAWA,163,TOUNGO
8,GOMBE,164,DUKKU
8,GOMBE,165,NAFADA
8,GOMBE,166,FUNA KAYE
8,GOMBE,167,KWAMI
8,GOMBE,168,AKKO
8,GOMBE,169,GOMBE
8,GOMBE,170,YAMALTU-DEBA
8,GOMBE,171,BALANGA
8,GOMBE,172,KALTUNGO
8,GOMBE,173,BILLIRI
8,GOMBE,174,SHONGOM
9,BAUCHI,175,ZAKI
9,BAUCHI,176,GAMAWA
9,BAUCHI,177,ITAS GADAU
9,BAUCHI,178,JAMA'ARE
9,BAUCHI,179,KATAGUM
9,BAUCHI,180,SHIRA
9,BAUCHI,181,GIADE
9,BAUCHI,182,DASS
9,BAUCHI,183,DAMBAM
9,BAUCHI,184,DARAZO
9,BAUCHI,185,GANJUWA
9,BAUCHI,186,WARJI
9,BAUCHI,187,NINGI
9,BAUCHI,188,TORO
9,BAUCHI,189,BAUCHI
9,BAUCHI,190,KIRFI
9,BAUCHI,191,ALKALERI
9,BAUCHI,192,TAFAWA BALEWA
9,BAUCHI,193,MISAU
9,BAUCHI,194,BOGORO
10,KANO,195,KUNCHI
10,KANO,196,MAKODA
10,KANO,197,DAMBATTA
10,KANO,198,GABASAWA
10,KANO,199,MINJIBIR
10,KANO,200,DAWAKIN TOFA
10,KANO,201,BICHI
10,KANO,202,TSANYAWA
10,KANO,203,SHANONO
10,KANO,204,BAGWAI
10,KANO,205,TOFA
10,KANO,206,UNGOGO
10,KANO,207,GWALE
10,KANO,208,DALA
10,KANO,209,FAGGE
10,KANO,210,NASARAWA
10,KANO,211,KANO MUNICIPAL
10,KANO,212,TARAUNI
10,KANO,213,KUMBOTSO
10,KANO,214,GEZAWA
10,KANO,215,WARAWA
10,KANO,216,AJINGI
10,KANO,217,GAYA
10,KANO,218,WUDIL
10,KANO,219,DAWAKI KUDU
10,KANO,220,MADOBI
10,KANO,221,RIMIN GADO
10,KANO,222,KABO
10,KANO,223,GWARZO
10,KANO,224,KARAYE
10,KANO,225,ROGO
10,KANO,226,KIRU
10,KANO,227,BEBEJI
10,KANO,228,GARUN MALAM
10,KANO,229,KURA
10,KANO,230,BUNKURE
10,KANO,231,RANO
10,KANO,232,KIBIYA
10,KANO,233,GARKO
10,KANO,234,ALBASU
10,KANO,235,TAKAI
10,KANO,236,SUMAILA
10,KANO,237,TUDUN WADA
10,KANO,238,DOGUWA
11,KADUNA,239,BIRNIN GWARI
11,KADUNA,240,GIWA
11,KADUNA,241,SABON GARI
11,KADUNA,242,KUDAN
11,KADUNA,243,MAKARFI
11,KADUNA,244,IKARA
11,KADUNA,245,KUBAU
11,KADUNA,246,SOBA
11,KADUNA,247,ZARIA
11,KADUNA,248,IGABI
11,KADUNA,249,KADUNA NORTH
11,KADUNA,250,KADUNA SOUTH
11,KADUNA,251,CHIKUN
11,KADUNA,252,KAJURU
11,KADUNA,253,KAURU
11,KADUNA,254,LERE
11,KADUNA,255,ZANGON KATAF 
11,KADUNA,256,KACHIA
11,KADUNA,257,KAGARKO
11,KADUNA,258,JABA
11,KADUNA,259,JEMAA
11,KADUNA,260,KAURA
11,KADUNA,261,SANGA
12,KEBBI,262,AREWA 
12,KEBBI,263,AUGIE
12,KEBBI,264,ARGUNGU
12,KEBBI,265,GWANDU
12,KEBBI,266,BIRNIN KEBBI
12,KEBBI,267,ALIERO
12,KEBBI,268,JEGA
12,KEBBI,269,MAIYAMA
12,KEBBI,270,KALGO
12,KEBBI,271,BUNZA
12,KEBBI,272,SURU
12,KEBBI,273,DANDI
12,KEBBI,274,BAGUDO
12,KEBBI,275,KOKOBESSE
12,KEBBI,276,YAURI
12,KEBBI,277,NGASKI
12,KEBBI,278,SHANGA
12,KEBBI,279,FAKAI
12,KEBBI,280,ZURU
12,KEBBI,281,DANKO_WASAGU
12,KEBBI,282,SAKABA
13,NIGER,283,AGWARA
13,NIGER,284,BORGU
13,NIGER,285,MASHEGU
13,NIGER,286,MAGAMA
13,NIGER,287,RIJAU
13,NIGER,288,KONTAGORA
13,NIGER,289,MARIGA
13,NIGER,290,RAFI
13,NIGER,291,SHIRORO
13,NIGER,292,MUNYA
13,NIGER,293,CHANCHAGA
13,NIGER,294,BOSSO
13,NIGER,295,WUSHISHI
13,NIGER,296,LAVUN
13,NIGER,297,MOKWA
13,NIGER,298,EDATTI
13,NIGER,299,GBAKO
13,NIGER,300,BIDA
13,NIGER,301,KATCHA
13,NIGER,302,AGAIE
13,NIGER,303,LAPAI
13,NIGER,304,PAIKORO
13,NIGER,305,GURARA
13,NIGER,306,SULEJA
13,NIGER,307,TAFA
14,FCT,308,BWARI
14,FCT,309,AMAC
14,FCT,310,GWAGWALADA
14,FCT,311,ABAJI
14,FCT,312,KWALI
14,FCT,313,KUJE
15,NASARAWA,314,KARU
15,NASARAWA,315,KEFFI
15,NASARAWA,316,KOKONA
15,NASARAWA,317,AKWANGA
15,NASARAWA,318,WAMBA
15,NASARAWA,319,NASSARAWA EGGON
15,NASARAWA,320,LAFIA
15,NASARAWA,321,AWE
15,NASARAWA,322,OBI
15,NASARAWA,323,KEANA
15,NASARAWA,324,DOMA
15,NASARAWA,325,NASARAWA
15,NASARAWA,326,TOTO
16,PLATEAU,327,BASSA
16,PLATEAU,328,JOS NORTH
16,PLATEAU,329,JOS EAST
16,PLATEAU,330,JOS SOUTH
16,PLATEAU,331,RIYOM
16,PLATEAU,332,BARKIN LADI
16,PLATEAU,333,MANGU
16,PLATEAU,334,BOKKOS
16,PLATEAU,335,QUA AN PAN
16,PLATEAU,336,PANKSHIN
16,PLATEAU,337,KANKE
16,PLATEAU,338,KANAM
16,PLATEAU,339,WASE
16,PLATEAU,340,LANGTANG NORTH
16,PLATEAU,341,MIKANG
16,PLATEAU,342,SHENDAM
16,PLATEAU,343,LANTANG SOUTH
17,TARABA,344,KARIM LAMIDO
17,TARABA,345,LAU
17,TARABA,346,ARDO-KOLA
17,TARABA,347,JALINGO
17,TARABA,348,YORRO
17,TARABA,349,ZING
17,TARABA,350,GASSOL
17,TARABA,351,IBI
17,TARABA,352,WUKARI
17,TARABA,353,BALI
17,TARABA,354,GASHAKA
17,TARABA,355,SARDUNA
17,TARABA,356,KURMI
17,TARABA,357,USSA
17,TARABA,358,TAKUM
17,TARABA,359,DONGA
18,BENUE,360,AGATU
18,BENUE,361,APA
18,BENUE,362,GWER WEST
18,BENUE,363,MAKURDI
18,BENUE,364,GUMA
18,BENUE,365,LOGO
18,BENUE,366,UKUM
18,BENUE,367,KATSINA ALA
18,BENUE,368,BURUKU
18,BENUE,369,TARKA
18,BENUE,370,GBOKO
18,BENUE,371,GWER EAST
18,BENUE,372,OTUKPO
18,BENUE,373,OHIMINI
18,BENUE,374,OKPOKWU
18,BENUE,375,OGBADIBO
18,BENUE,376,ADO
18,BENUE,377,OBI
18,BENUE,378,OJU
18,BENUE,379,KONSHISHA
18,BENUE,380,USHONGO
18,BENUE,381,KWANDE
18,BENUE,382,VANDEIKYA
19,KOGI,383,YAGBA WEST
19,KOGI,384,YAGBA EAST
19,KOGI,385,MOPA-MURO
19,KOGI,386,IJUMU
19,KOGI,387,KABBA_BUNU
19,KOGI,388,OKEHI
19,KOGI,389,OGORI MAGONGO
19,KOGI,390,OKENE
19,KOGI,391,ADAVI
19,KOGI,392,AJAOKUTA
19,KOGI,393,LOKOJA
19,KOGI,394,KOGI KOTON KERFE
19,KOGI,395,BASSA
19,KOGI,396,DEKINA
19,KOGI,397,OMALA
19,KOGI,398,ANKPA
19,KOGI,399,OLAMABORO
19,KOGI,400,OFU
19,KOGI,401,IGALAMELA-ODOLU
19,KOGI,402,IDAH
19,KOGI,403,IBAJI
20,KWARA,404,BARUTEN
20,KWARA,405,KAIAMA
20,KWARA,406,MORO
20,KWARA,407,EDU
20,KWARA,408,PATIGI
20,KWARA,409,IFELODUN
20,KWARA,410,ILORIN SOUTH
20,KWARA,411,ILORIN EAST
20,KWARA,412,ILORIN WEST
20,KWARA,413,ASA
20,KWARA,414,OYUN
20,KWARA,415,OFFA
20,KWARA,416,IREPODUN
20,KWARA,417,ISIN
20,KWARA,418,OKE-ERO
20,KWARA,419,EKITI
21,OYO,420,IREPO
21,OYO,421,OLORUNSOGO
21,OYO,422,ORELOPE
21,OYO,423,SAKI EAST
21,OYO,424,SAKI WEST
21,OYO,425,ATISBO
21,OYO,426,ITESIWAJU
21,OYO,427,ATIBA
21,OYO,428,ORIIRE
21,OYO,429,OGBOMOSO NORTH
21,OYO,430,SURULERE
21,OYO,431,OGBOMOSO SOUTH
21,OYO,432,OGO-OLUWA
21,OYO,433,OYO EAST
21,OYO,434,OYO WEST
21,OYO,435,ISEYIN
21,OYO,436,KAJOLA
21,OYO,437,IWAJOWA
21,OYO,438,IBARAPA-NORTH
21,OYO,439,IBARAPA CENTRAL
21,OYO,440,IBARAPA-EAST
21,OYO,441,IDO
21,OYO,442,AFIJIO
21,OYO,443,AKINYELE
21,OYO,444,LAGELU
21,OYO,445,IBADAN NORTH
21,OYO,446,IBADAN NORTHWEST
21,OYO,447,IBADAN SOUTH WEST
21,OYO,448,IBADAN SOUTH EAST
21,OYO,449,IBADAN NORTH EAST
21,OYO,450,EGBEDA
21,OYO,451,ONA ARA
21,OYO,452,OLUYOLE
22,OSUN,453,IFEDAYO
22,OSUN,454,ILA
22,OSUN,455,BOLUWADURO
22,OSUN,456,ODO OTIN
22,OSUN,457,IFELODUN
22,OSUN,458,OLORUNDA
22,OSUN,459,IREPODUN
22,OSUN,460,OROLU
22,OSUN,461,EGBEDORE
22,OSUN,462,OSOGBO
22,OSUN,463,BORIPE
22,OSUN,464,OBOKUN
22,OSUN,465,ORIADE
22,OSUN,466,ILESHA EAST
22,OSUN,467,ATAKUMOSA WEST
22,OSUN,468,ILESHA WEST
22,OSUN,469,EDE NORTH
22,OSUN,470,EDE SOUTH
22,OSUN,471,EJIGBO
22,OSUN,472,OLA OLUWA
22,OSUN,473,IWO
22,OSUN,474,AYEDIRE
22,OSUN,475,IREWOLE
22,OSUN,476,ISOKAN
22,OSUN,477,AIYEDAADE
22,OSUN,478,IFE NORTH
22,OSUN,479,IFE CENTRAL
22,OSUN,480,IFE EAST
22,OSUN,481,ATAKUNMOSA EAST
22,OSUN,482,IFE SOUTH
23,EKITI,483,MOBA
23,EKITI,484,ILEJEMEJE
23,EKITI,485,OYE
23,EKITI,486,IKOLE
23,EKITI,487,EKITI-EAST
23,EKITI,488,GBONYIN
23,EKITI,489,ADO EKITI
23,EKITI,490,IREPODUN/IFELODUN
23,EKITI,491,IDO_OSI
23,EKITI,492,IJERO
23,EKITI,493,EKITI WEST
23,EKITI,494,EFON
23,EKITI,495,EKITI SOUTH WEST
23,EKITI,496,IKERE
23,EKITI,497,ISE ORUN
23,EKITI,498,EMURE
24,ONDO,499,AKOKO NORTH WEST
24,ONDO,500,AKOKO NORTH EAST
24,ONDO,501,AKOKO SOUTH EAST
24,ONDO,502,AKOKO SOUTH WEST
24,ONDO,503,OSE
24,ONDO,504,OWO
24,ONDO,505,AKURE NORTH
24,ONDO,506,AKURE SOUTH
24,ONDO,507,IFEDORE
24,ONDO,508,ILE OLUJI/OKEIGBO
24,ONDO,509,ONDO WEST
24,ONDO,510,ONDO EAST
24,ONDO,511,IDANRE
24,ONDO,512,ODIGBO
24,ONDO,513,OKITIPUPA
24,ONDO,514,IRELE
24,ONDO,515,ESE-ODO
24,ONDO,516,ILAJE
25,EDO,517,AKOKO-EDO
25,EDO,518,ETSAKO EAST
25,EDO,519,ETSAKO CENTRAL
25,EDO,520,ETSAKO WEST
25,EDO,521,OWAN EAST
25,EDO,522,OWAN WEST
25,EDO,523,ESAN WEST
25,EDO,524,ESAN CENTRAL
25,EDO,525,ESAN NORTH-EAST
25,EDO,526,ESAN SOUTH-EAST
25,EDO,527,IGUEBEN
25,EDO,528,UHUNMWONDE
25,EDO,529,OVIA NORTH-EAST
25,EDO,530,OVIA SOUTH-WEST
25,EDO,531,EGOR
25,EDO,532,OREDO
25,EDO,533,IKPOBA-OKHA
25,EDO,534,ORHIONMWON
26,ANAMBRA,535,ANAMBRA WEST
26,ANAMBRA,536,AYAMELUM
26,ANAMBRA,537,AWKA NORTH
26,ANAMBRA,538,ANAMBRA EAST
26,ANAMBRA,539,OYI
26,ANAMBRA,540,DUNUKOFIA
26,ANAMBRA,541,NJIKOKA
26,ANAMBRA,542,AWKA SOUTH
26,ANAMBRA,543,ORUMBA NORTH
26,ANAMBRA,544,ANAOCHA
26,ANAMBRA,545,IDEMILI NORTH
26,ANAMBRA,546,ONITSHA NORTH
26,ANAMBRA,547,ONITSHA SOUTH
26,ANAMBRA,548,OGBARU
26,ANAMBRA,549,IDEMILI SOUTH
26,ANAMBRA,550,NNEWI NORTH
26,ANAMBRA,551,EKWUSIGO
26,ANAMBRA,552,IHIALA
26,ANAMBRA,553,NNEWI SOUTH
26,ANAMBRA,554,AGUATA
26,ANAMBRA,555,ORUMBA SOUTH
27,ENUGU,556,IGBOEZE NORTH
27,ENUGU,557,IGBO EZE SOUTH
27,ENUGU,558,UDENU
27,ENUGU,559,ISI UZO
27,ENUGU,560,IGBO ETITI
27,ENUGU,561,NSUKKA
27,ENUGU,562,UZO UWANI
27,ENUGU,563,EZEAGU
27,ENUGU,564,UDI
27,ENUGU,565,ENUGU EAST
27,ENUGU,566,NKANU EAST
27,ENUGU,567,ENUGU NORTH
27,ENUGU,568,ENUGU SOUTH
27,ENUGU,569,NKANU WEST
27,ENUGU,570,ANINRI
27,ENUGU,571,AWGU
27,ENUGU,572,OJI RIVER
28,EBONYI,573,ISHIELU
28,EBONYI,574,OHAUKWU
28,EBONYI,575,EBONYI
28,EBONYI,576,IZZI
28,EBONYI,577,ABAKALIKI
28,EBONYI,578,EZZA NORTH
28,EBONYI,579,EZZA SOUTH
28,EBONYI,580,IKWO
28,EBONYI,581,ONICHA
28,EBONYI,582,OHAOZARA
28,EBONYI,583,AFIKPO NORTH
28,EBONYI,584,AFIKPO SOUTH
28,EBONYI,585,IVO
29,CROSS RIVER,586,YALA
29,CROSS RIVER,587,BEKWARRA
29,CROSS RIVER,588,OGOJA
29,CROSS RIVER,589,OBUDU
29,CROSS RIVER,590,OBANLIKU
29,CROSS RIVER,591,BOKI
29,CROSS RIVER,592,ETUNG
29,CROSS RIVER,593,IKOM
29,CROSS RIVER,594,OBUBRA
29,CROSS RIVER,595,YAKURR
29,CROSS RIVER,596,ABI
29,CROSS RIVER,597,BIASE
29,CROSS RIVER,598,AKAMKPA
29,CROSS RIVER,599,ODUKPANI
29,CROSS RIVER,600,CALABAR SOUTH
29,CROSS RIVER,601,CALABAR MUNICIPAL
29,CROSS RIVER,602,AKPABUYO
29,CROSS RIVER,603,BAKASSI
30,AKWA IBOM,604,INI
30,AKWA IBOM,605,OBOT AKARA
30,AKWA IBOM,606,IKOT EKPENE
30,AKWA IBOM,607,IKONO
30,AKWA IBOM,608,IBIONO IBOM
30,AKWA IBOM,609,ITU
30,AKWA IBOM,610,URUAN
30,AKWA IBOM,611,UYO
30,AKWA IBOM,612,ABAK
30,AKWA IBOM,613,ESSIEN UDIM
30,AKWA IBOM,614,IKA
30,AKWA IBOM,615,ETIM EKPO
30,AKWA IBOM,616,UKANAFUN
30,AKWA IBOM,617,ORUK-ANAM
30,AKWA IBOM,618,MKPAT-ENIN
30,AKWA IBOM,619,ETINAN
30,AKWA IBOM,620,NSIT-IBOM
30,AKWA IBOM,621,IBESIKPO ASUTAN
30,AKWA IBOM,622,NSIT-ATAI
30,AKWA IBOM,623,OKOBO
30,AKWA IBOM,624,ORON
30,AKWA IBOM,625,UDUNG UKO
30,AKWA IBOM,626,MBO
30,AKWA IBOM,627,URUE-OFFONG/ORUKO
30,AKWA IBOM,628,ESIT EKET
30,AKWA IBOM,629,NSIT UBIUM
30,AKWA IBOM,630,EKET
30,AKWA IBOM,631,ONNA
30,AKWA IBOM,632,IBENO
30,AKWA IBOM,633,EASTERN OBOLO
30,AKWA IBOM,634,IKOT ABASI
31,ABIA,635,UMU NNEOCHI
31,ABIA,636,ISUIKWUATO
31,ABIA,637,BENDE
31,ABIA,638,OHAFIA
31,ABIA,639,AROCHUKWU
31,ABIA,640,UMUAHIA NORTH
31,ABIA,641,UMUAHIA SOUTH
31,ABIA,642,IKWUANO
31,ABIA,643,ISIALA NGWA NORTH
31,ABIA,644,ISIALA NGWA SOUTH
31,ABIA,645,OBINGWA
31,ABIA,646,ABA NORTH
31,ABIA,647,OSISIOMA
31,ABIA,648,ABA SOUTH
31,ABIA,649,UGWUNAGBO
31,ABIA,650,UKWA EAST
31,ABIA,651,UKWA WEST
32,IMO,652,IDEATO NORTH
32,IMO,653,OKIGWE
32,IMO,654,ONUIMO
32,IMO,655,IDEATO SOUTH
32,IMO,656,ORLU
32,IMO,657,ORSU
32,IMO,658,ORU EAST
32,IMO,659,ORU WEST
32,IMO,660,OGUTA
32,IMO,661,MBAITOLI
32,IMO,662,NJABA
32,IMO,663,ISU
32,IMO,664,NKWERRE
32,IMO,665,NWANGELE
32,IMO,666,ISIALA MBANO
32,IMO,667,EHIME MBANO
32,IMO,668,IHITTE UBOMA
32,IMO,669,OBOWO
32,IMO,670,EZINIHITTE MBAISE
32,IMO,671,AHIAZU-MBAISE
32,IMO,672,ABOH-MBAISE
32,IMO,673,IKEDURU
32,IMO,674,OWERRI NORTH
32,IMO,675,OWERRI MUNICIPAL
32,IMO,676,OWERRI WEST
32,IMO,677,OHAJI_EGBEMA
32,IMO,678,NGOR OKPALA
33,RIVERS,679,OGBA/EGBEMA/NDONI
33,RIVERS,680,AHOADA EAST
33,RIVERS,681,AHOADA WEST
33,RIVERS,682,ABUA-ODUAL
33,RIVERS,683,AKUKU-TORU
33,RIVERS,684,DEGEMA
33,RIVERS,685,ASARI-TORU
33,RIVERS,686,EMOHUA
33,RIVERS,687,IKWERRE
33,RIVERS,688,ETCHE
33,RIVERS,689,OMUMA
33,RIVERS,690,OBIO-AKPOR
33,RIVERS,691,PORT-HARCOURT
33,RIVERS,692,OKRIKA
33,RIVERS,693,ELEME
33,RIVERS,694,OYIGBO
33,RIVERS,695,KHANA
33,RIVERS,696,GOKANA
33,RIVERS,697,TAI
33,RIVERS,698,OGU-BOLO
33,RIVERS,699,BONNY
33,RIVERS,700,ANDONI
33,RIVERS,701,OPOBO/NKORO
34,BAYELSA,702,EKEREMOR
34,BAYELSA,703,SAGBAMA
34,BAYELSA,704,KOLOKUMA/OPOKUMA
34,BAYELSA,705,YENAGOA
34,BAYELSA,706,OGBIA
34,BAYELSA,707,SOUTHERN IJAW
34,BAYELSA,708,BRASS
34,BAYELSA,709,NEMBE
35,DELTA,710,IKA SOUTH
35,DELTA,711,IKA NORTH-EAST
35,DELTA,712,ANIOCHA NORTH
35,DELTA,713,OSHIMILI NORTH
35,DELTA,714,ANIOCHA SOUTH
35,DELTA,715,OSHIMILI SOUTH
35,DELTA,716,NDOKWA EAST
35,DELTA,717,NDOKWA WEST
35,DELTA,718,UKWUANI
35,DELTA,719,UGHELLI NORTH
35,DELTA,720,ETHIOPE EAST
35,DELTA,721,ISOKO NORTH
35,DELTA,722,ISOKO SOUTH
35,DELTA,723,PATANI
35,DELTA,724,UGHELLI SOUTH
35,DELTA,725,UVWIE
35,DELTA,726,OKPE
35,DELTA,727,ETHIOPE WEST
35,DELTA,728,SAPELE
35,DELTA,729,WARRI NORTH
35,DELTA,730,WARRI SOUTH-WEST
35,DELTA,731,WARRI SOUTH
35,DELTA,732,UDU
35,DELTA,733,BURUTU
35,DELTA,734,BOMADI
36,LAGOS,735,BADAGRY
36,LAGOS,736,OJO
36,LAGOS,737,AMUWO ODOFIN
36,LAGOS,738,ALIMOSHO
36,LAGOS,739,AGEGE
36,LAGOS,740,IFAKO-IJAIYE
36,LAGOS,741,IKEJA
36,LAGOS,742,OSHODI ISOLO
36,LAGOS,743,MUSHIN
36,LAGOS,744,SURULERE
36,LAGOS,745,AJEROMI-IFELODUN
36,LAGOS,746,APAPA
36,LAGOS,747,LAGOS ISLAND
36,LAGOS,748,LAGOS MAIN LAND
36,LAGOS,749,SOMOLU
36,LAGOS,750,KOSOFE
36,LAGOS,751,IKORODU
36,LAGOS,752,ETI-OSA
36,LAGOS,753,IBEJU-LEKKI
36,LAGOS,754,EPE
37,OGUN,755,IMEKO_AFON
37,OGUN,756,EGBADO NORTH
37,OGUN,757,ABEOKUTA  NORTH
37,OGUN,758,ABEOKUTA   SOUTH
37,OGUN,759,ODEDA
37,OGUN,760,OBAFEMI OWODE
37,OGUN,761,EWEKORO
37,OGUN,762,EGBADO SOUTH
37,OGUN,763,IPOKIA
37,OGUN,764,ADO ODO OTA
37,OGUN,765,IFO
37,OGUN,766,SAGAMU
37,OGUN,767,IKENNE
37,OGUN,768,REMO NORTH
37,OGUN,769,IJEBU NORTH
37,OGUN,770,ODOGBOLU
37,OGUN,771,IJEBU ODE
37,OGUN,772,IJEBU NORTH EAST
37,OGUN,773,IJEBU EAST
37,OGUN,774,OGUN WATERSIDE
,,,
